Date,Calorie burned,Steps,Distance,Floors,Minutes Sedentary,Minutes Lightly Active,Minutes Fairly Active,Minutes Very Active,Activity Calories,MinutesOfSleep,MinutesOfBeingAwake,NumberOfAwakings,LengthOfRestInMinutes,Distance_miles,Days,Days_encoded,Work_or_Weekend,Hours Sleep,Sleep efficiency,Yesterday_sleep,Yesterday_sleep_efficiency,Months,Months_encoded
5/8/2015,1934,905,0.65,0,1.355,46,0,0,1680,384,26,23,417,0.40389115,Friday,4,1,6.4,92.08633094,0,0,May,5
5/9/2015,3631,18925,14.11,4,611,316,61,60,2248,454,35,21,491,8.76754481,Saturday,5,0,7.566666667,92.46435845,6.4,92.08633094,May,5
5/10/2015,3204,14228,10.57,1,602,226,14,77,1719,387,46,25,436,6.56789147,Sunday,6,0,6.45,88.76146789,7.566666667,92.46435845,May,5
5/11/2015,2673,6756,5.02,8,749,190,23,4,9620,311,31,21,350,3.11928242,Monday,0,1,5.183333333,88.85714286,6.45,88.76146789,May,5
5/12/2015,2495,502,3.73,1,876,171,0,0,7360,407,65,44,491,2.31771383,Tuesday,1,1,6.783333333,82.89205703,5.183333333,88.85714286,May,5
5/13/2015,276,779,5.79,15,726,172,34,18,1094,405,47,31,457,3.59773809,Wednesday,2,1,6.75,88.6214442,6.783333333,82.89205703,May,5
5/14/2015,2687,5614,4.17,2,782,216,13,1,9830,381,28,12,415,2.59111707,Thursday,3,1,6.35,91.80722892,6.75,88.6214442,May,5
5/15/2015,2793,8169,6.07,14,801,218,8,7,1092,269,34,16,306,3.77172197,Friday,4,1,4.483333333,87.90849673,6.35,91.80722892,May,5
5/16/2015,4061,19971,14.84,18,532,247,101,118,27,452,26,18,507,9.22114564,Saturday,5,0,7.533333333,89.15187377,4.483333333,87.90849673,May,5
5/17/2015,3349,852,6.33,12,606,186,46,73,1766,269,17,11,291,3.93327843,Sunday,6,0,4.483333333,92.43986254,7.533333333,89.15187377,May,5
5/18/2015,2961,11998,8.91,20,936,189,18,51,1371,167,9,8,180,5.53641561,Monday,0,1,2.783333333,92.77777778,4.483333333,92.43986254,May,5
5/19/2015,2911,12425,9.23,14,827,186,18,54,1351,368,50,27,420,5.73525433,Tuesday,1,1,6.133333333,87.61904762,2.783333333,92.77777778,May,5
5/20/2015,2569,6008,4.46,8,783,214,15,2,9390,386,30,22,420,2.77131466,Wednesday,2,1,6.433333333,91.9047619,6.133333333,87.61904762,May,5
5/21/2015,3228,16291,12.1,18,616,237,48,52,1766,351,46,26,399,7.5185891,Thursday,3,1,5.85,87.96992481,6.433333333,91.9047619,May,5
5/22/2015,2529,6111,4.54,8,820,190,14,5,8820,314,32,26,353,2.82102434,Friday,4,1,5.233333333,88.95184136,5.85,87.96992481,May,5
5/23/2015,4197,17928,13.32,17,533,262,79,132,288,432,35,24,469,8.27666172,Saturday,5,0,7.2,92.1108742,5.233333333,88.95184136,May,5
5/24/2015,3899,13893,10.32,6,641,222,33,140,2502,224,24,19,270,6.41254872,Sunday,6,0,3.733333333,82.96296296,7.2,92.1108742,May,5
5/25/2015,2519,5109,3.8,8,861,200,0,0,8470,0,0,0,0,2.3612098,Monday,0,1,0,0,3.733333333,82.96296296,May,5
5/26/2015,2357,443,3.29,6,1.269,156,0,0,6440,389,39,28,430,2.04431059,Tuesday,1,1,6.483333333,90.46511628,0,0,May,5
5/27/2015,3209,7498,5.57,18,692,196,64,50,1676,381,24,17,412,3.46103647,Wednesday,2,1,6.35,92.47572816,6.483333333,90.46511628,May,5
5/28/2015,2811,849,6.31,14,771,212,8,13,1148,417,66,32,486,3.92085101,Thursday,3,1,6.95,85.80246914,6.35,92.47572816,May,5
5/29/2015,2558,565,4.2,8,789,208,0,0,8900,464,35,26,503,2.6097582,Friday,4,1,7.733333333,92.24652087,6.95,85.80246914,May,5
5/30/2015,417,21479,15.98,16,503,230,55,153,2794,328,53,25,382,9.92950858,Saturday,5,0,5.466666667,85.86387435,7.733333333,92.24652087,May,5
5/31/2015,3533,18995,14.11,12,660,269,86,43,2092,426,54,33,495,8.76754481,Sunday,6,0,7.1,86.06060606,5.466666667,85.86387435,May,5
6/1/2015,3354,16836,12.51,8,586,248,35,70,1862,430,41,26,484,7.77335121,Monday,0,1,7.166666667,88.84297521,7.1,86.06060606,June,6
6/2/2015,3369,15944,11.85,29,640,214,15,93,1827,376,46,34,436,7.36324635,Tuesday,1,1,6.266666667,86.23853211,7.166666667,88.84297521,June,6
6/3/2015,3168,14273,10.6,11,721,178,16,89,1592,312,44,29,369,6.5865326,Wednesday,2,1,5.2,84.55284553,6.266666667,86.23853211,June,6
6/4/2015,347,1606,11.93,11,724,239,38,70,1939,388,21,15,415,7.41295603,Thursday,3,1,6.466666667,93.4939759,5.2,84.55284553,June,6
6/5/2015,3134,13594,10.1,16,677,215,36,52,1583,409,56,34,468,6.2758471,Friday,4,1,6.816666667,87.39316239,6.466666667,93.4939759,June,6
6/6/2015,3436,1548,11.5,11,520,246,78,42,1927,426,54,27,495,7.1457665,Saturday,5,0,7.1,86.06060606,6.816666667,87.39316239,June,6
6/7/2015,3634,1944,14.48,8,966,210,28,130,2155,430,41,19,484,8.99745208,Sunday,6,0,7.166666667,88.84297521,7.1,86.06060606,June,6
6/8/2015,3267,13926,10.35,21,701,265,63,29,1785,376,46,30,436,6.43118985,Monday,0,1,6.266666667,86.23853211,7.166666667,88.84297521,June,6
6/9/2015,3072,11338,8.42,28,806,228,43,31,1494,312,44,25,369,5.23194382,Tuesday,1,1,5.2,84.55284553,6.266666667,86.23853211,June,6
6/10/2015,275,714,5.31,12,785,220,20,4,1081,388,21,14,415,3.29948001,Wednesday,2,1,6.466666667,93.4939759,5.2,84.55284553,June,6
6/11/2015,3187,15449,11.48,22,676,205,39,64,1676,409,56,30,468,7.13333908,Thursday,3,1,6.816666667,87.39316239,6.466666667,93.4939759,June,6
6/12/2015,3207,1192,8.86,11,593,352,34,11,1777,54,18,3,87,5.50534706,Friday,4,1,0.9,62.06896552,6.816666667,87.39316239,June,6
6/13/2015,4083,26444,19.65,22,549,429,56,56,2818,347,45,21,401,12.20994015,Saturday,5,0,5.783333333,86.53366584,0.9,62.06896552,June,6
6/14/2015,2789,12335,9.16,35,1.245,88,10,93,1209,290,33,14,332,5.69175836,Sunday,6,0,4.833333333,87.34939759,5.783333333,86.53366584,June,6
6/15/2015,3234,14137,10.5,11,642,305,8,51,1756,379,24,14,411,6.5243955,Monday,0,1,6.316666667,92.21411192,4.833333333,87.34939759,June,6
6/16/2015,2952,11568,8.66,13,734,189,17,54,1352,394,29,17,436,5.38107286,Tuesday,1,1,6.566666667,90.36697248,6.316666667,92.21411192,June,6
6/17/2015,3352,16813,12.52,52,709,202,2,110,1809,421,23,13,448,7.77956492,Wednesday,2,1,7.016666667,93.97321429,6.566666667,90.36697248,June,6
6/18/2015,3425,15217,11.31,61,641,280,44,59,1974,169,20,11,196,7.02770601,Thursday,3,1,2.816666667,86.2244898,7.016666667,93.97321429,June,6
6/19/2015,309,13158,9.78,101,715,171,30,66,1511,0,0,0,0,6.07700838,Friday,4,1,0,0,2.816666667,86.2244898,June,6
6/20/2015,3699,19311,14.35,14,519,291,55,93,2348,412,17,9,436,8.91667385,Saturday,5,0,6.866666667,94.49541284,0,0,June,6
6/21/2015,3385,16186,12.03,42,637,229,52,75,1921,379,49,30,438,7.47509313,Sunday,6,0,6.316666667,86.52968037,6.866666667,94.49541284,June,6
6/22/2015,3088,12713,9.48,59,631,225,24,44,1533,373,47,23,427,5.89059708,Monday,0,1,6.216666667,87.35362998,6.316666667,86.52968037,June,6
6/23/2015,2823,9132,6.79,15,777,223,32,15,1236,360,51,26,416,4.21910909,Tuesday,1,1,6,86.53846154,6.216666667,87.35362998,June,6
6/24/2015,3678,20239,15.04,25,621,292,37,95,2292,358,42,22,401,9.34541984,Wednesday,2,1,5.966666667,89.27680798,6,86.53846154,June,6
6/25/2015,3003,11199,8.32,28,737,227,36,20,1419,415,48,29,468,5.16980672,Thursday,3,1,6.916666667,88.67521368,5.966666667,89.27680798,June,6
6/26/2015,3534,20269,15.06,4,720,218,54,99,2078,464,39,24,503,9.35784726,Friday,4,1,7.733333333,92.24652087,6.916666667,88.67521368,June,6
6/27/2015,3022,11655,8.66,10,670,220,28,53,1491,388,54,28,444,5.38107286,Saturday,5,0,6.466666667,87.38738739,7.733333333,92.24652087,June,6
6/28/2015,3237,12314,9.15,21,601,290,25,51,175,449,24,15,480,5.68554465,Sunday,6,0,7.483333333,93.54166667,6.466666667,87.38738739,June,6
6/29/2015,3142,12586,9.35,19,735,234,35,49,1579,357,29,15,395,5.80981885,Monday,0,1,5.95,90.37974684,7.483333333,93.54166667,June,6
6/30/2015,2945,12445,9.25,11,635,200,18,58,1393,379,38,21,420,5.74768175,Tuesday,1,1,6.316666667,90.23809524,5.95,90.37974684,June,6
7/1/2015,3352,14193,10.55,19,669,210,47,70,1782,332,16,7,349,6.55546405,Wednesday,2,1,5.533333333,95.12893983,6.316666667,90.23809524,July,7
7/2/2015,3063,1156,8.62,30,708,158,25,67,1419,413,38,19,454,5.35621802,Thursday,3,1,6.883333333,90.969163,5.533333333,95.12893983,July,7
7/3/2015,3465,15695,11.66,22,648,248,63,54,1947,438,45,22,488,7.24518586,Friday,4,1,7.3,89.75409836,6.883333333,90.969163,July,7
7/4/2015,2894,9747,7.24,8,646,253,22,19,1337,277,42,15,320,4.49872604,Saturday,5,0,4.616666667,86.5625,7.3,89.75409836,July,7
7/5/2015,3515,15731,11.69,17,567,317,52,55,2111,291,22,17,317,7.26382699,Sunday,6,0,4.85,91.79810726,4.616666667,86.5625,July,7
7/6/2015,2699,8391,6.23,11,877,136,36,30,1082,370,26,14,444,3.87114133,Monday,0,1,6.166666667,83.33333333,4.85,91.79810726,July,7
7/7/2015,274,8326,6.19,11,1.118,217,10,3,1106,455,21,13,482,3.84628649,Tuesday,1,1,7.583333333,94.39834025,6.166666667,83.33333333,July,7
7/8/2015,3244,14241,10.58,14,700,234,22,59,1662,311,19,11,333,6.57410518,Wednesday,2,1,5.183333333,93.39339339,7.583333333,94.39834025,July,7
7/9/2015,2994,7298,5.42,6,836,290,10,1,1322,550,44,19,594,3.36783082,Thursday,3,1,9.166666667,92.59259259,5.183333333,93.39339339,July,7
7/10/2015,3134,10644,7.91,15,683,283,36,17,1606,368,57,27,431,4.91504461,Friday,4,1,6.133333333,85.38283063,9.166666667,92.59259259,July,7
7/11/2015,3191,12371,9.19,11,639,194,46,60,1589,250,19,13,282,5.71039949,Saturday,5,0,4.166666667,88.65248227,6.133333333,85.38283063,July,7
7/12/2015,281,758,5.63,10,607,258,16,0,1201,76,10,7,92,3.49831873,Sunday,6,0,1.266666667,82.60869565,4.166666667,88.65248227,July,7
7/13/2015,3259,12168,9.04,18,731,212,52,60,1725,360,39,18,425,5.61719384,Monday,0,1,6,84.70588235,1.266666667,82.60869565,July,7
7/14/2015,3383,15135,11.28,20,740,167,47,87,1813,248,12,7,261,7.00906488,Tuesday,1,1,4.133333333,95.01915709,6,84.70588235,July,7
7/15/2015,3569,14996,11.14,32,573,321,50,54,2155,410,52,27,463,6.92207294,Wednesday,2,1,6.833333333,88.55291577,4.133333333,95.01915709,July,7
7/16/2015,3017,8704,6.47,14,697,225,31,29,1392,465,31,16,501,4.02027037,Thursday,3,1,7.75,92.81437126,6.833333333,88.55291577,July,7
7/17/2015,3228,12739,9.47,16,761,247,47,47,1733,406,22,17,435,5.88438337,Friday,4,1,6.766666667,93.33333333,7.75,92.81437126,July,7
7/18/2015,3352,13247,9.84,20,484,317,31,47,191,347,29,15,385,6.11429064,Saturday,5,0,5.783333333,90.12987013,6.766666667,93.33333333,July,7
7/19/2015,3237,1166,8.66,10,680,286,5,53,1703,362,24,14,393,5.38107286,Sunday,6,0,6.033333333,92.11195929,5.783333333,90.12987013,July,7
7/20/2015,3278,13702,10.18,21,708,246,48,43,1775,418,20,11,438,6.32555678,Monday,0,1,6.966666667,95.43378995,6.033333333,92.11195929,July,7
7/21/2015,304,1124,8.35,17,732,208,52,24,1438,411,31,11,451,5.18844785,Tuesday,1,1,6.85,91.1308204,6.966666667,95.43378995,July,7
7/22/2015,3071,13262,9.85,20,1.093,166,33,70,1495,304,28,16,338,6.12050435,Wednesday,2,1,5.066666667,89.9408284,6.85,91.1308204,July,7
7/23/2015,2984,909,6.75,17,719,234,23,23,1349,343,50,24,398,4.19425425,Thursday,3,1,5.716666667,86.18090452,5.066666667,89.9408284,July,7
7/24/2015,3468,15779,11.72,23,618,346,48,21,2073,368,18,10,391,7.28246812,Friday,4,1,6.133333333,94.11764706,5.716666667,86.18090452,July,7
7/25/2015,2706,6174,4.59,3,677,231,13,4,1046,380,34,24,420,2.85209289,Saturday,5,0,6.333333333,90.47619048,6.133333333,94.11764706,July,7
7/26/2015,309,11614,8.63,9,503,301,2,40,1573,322,41,13,363,5.36243173,Sunday,6,0,5.366666667,88.70523416,6.333333333,90.47619048,July,7
7/27/2015,3091,1346,10,13,822,190,29,64,1527,0,0,0,0,6.21371,Monday,0,1,0,0,5.366666667,88.70523416,July,7
7/28/2015,298,10,7.43,13,803,230,44,11,137,472,29,16,519,4.61678653,Tuesday,1,1,7.866666667,90.94412331,0,0,July,7
7/29/2015,3138,1068,7.94,16,634,322,21,4,1628,292,23,16,343,4.93368574,Wednesday,2,1,4.866666667,85.13119534,7.866666667,90.94412331,July,7
7/30/2015,3246,14105,10.48,20,718,225,60,44,1727,304,47,21,357,6.51196808,Thursday,3,1,5.066666667,85.15406162,4.866666667,85.13119534,July,7
7/31/2015,2654,9194,6.83,20,784,198,7,0,9140,419,51,25,480,4.24396393,Friday,4,1,6.983333333,87.29166667,5.066666667,85.15406162,July,7
8/1/2015,3453,17497,13.02,11,1.092,219,54,45,1673,172,6,7,185,8.09025042,Saturday,5,0,2.866666667,92.97297297,6.983333333,87.29166667,August,8
8/2/2015,2651,5765,4.28,8,544,245,6,6,1039,303,48,31,356,2.65946788,Sunday,6,0,5.05,85.11235955,2.866666667,92.97297297,August,8
8/3/2015,342,15362,11.41,16,683,226,65,54,1883,368,29,23,406,7.08984311,Monday,0,1,6.133333333,90.64039409,5.05,85.11235955,August,8
8/4/2015,2863,987,7.33,20,793,186,28,32,1225,389,36,19,433,4.55464943,Tuesday,1,1,6.483333333,89.83833718,6.133333333,90.64039409,August,8
8/5/2015,3326,14502,10.78,34,520,250,41,59,1838,415,39,31,467,6.69837938,Wednesday,2,1,6.916666667,88.86509636,6.483333333,89.83833718,August,8
8/6/2015,3472,14652,10.89,26,562,350,42,20,2079,0,0,0,0,6.76673019,Thursday,3,1,0,0,6.916666667,88.86509636,August,8
8/7/2015,2849,7628,5.67,11,638,283,11,8,1297,529,78,38,607,3.52317357,Friday,4,1,8.816666667,87.14991763,0,0,August,8
8/8/2015,3168,13877,10.31,32,609,206,57,51,1638,294,42,18,351,6.40633501,Saturday,5,0,4.9,83.76068376,8.816666667,87.14991763,August,8
8/9/2015,3109,11433,8.49,15,561,236,40,35,1564,303,27,16,336,5.27543979,Sunday,6,0,5.05,90.17857143,4.9,83.76068376,August,8
8/10/2015,3139,13655,10.15,13,985,285,8,23,1617,553,31,20,592,6.30691565,Monday,0,1,9.216666667,93.41216216,5.05,90.17857143,August,8
8/11/2015,2857,13535,10.08,7,1.348,44,4,14,3470,402,22,12,427,6.26341968,Tuesday,1,1,6.7,94.14519906,9.216666667,93.41216216,August,8
8/12/2015,2055,1883,1.4,1,1.37,70,0,0,2870,192,22,12,230,0.8699194,Wednesday,2,1,3.2,83.47826087,6.7,94.14519906,August,8
8/13/2015,3218,11354,8.44,8,694,366,4,10,1718,487,27,17,518,5.24437124,Thursday,3,1,8.116666667,94.01544402,3.2,83.47826087,August,8
8/14/2015,301,11532,8.57,4,572,301,26,10,1542,544,39,24,583,5.32514947,Friday,4,1,9.066666667,93.31046312,8.116666667,94.01544402,August,8
8/15/2015,2813,6129,4.55,3,635,256,8,1,1159,77,0,0,77,2.82723805,Saturday,5,0,1.283333333,100,9.066666667,93.31046312,August,8
8/16/2015,2706,6238,4.64,3,688,267,0,0,1084,80,2,5,92,2.88316144,Sunday,6,0,1.333333333,86.95652174,1.283333333,100,August,8
8/17/2015,3683,15572,11.57,9,515,472,33,14,2362,0,0,0,0,7.18926247,Monday,0,1,0,0,1.333333333,86.95652174,August,8
8/18/2015,3106,10886,8.09,19,639,292,27,20,1578,263,33,17,297,5.02689139,Tuesday,1,1,4.383333333,88.55218855,0,0,August,8
8/19/2015,3217,12213,9.07,6,421,381,13,8,1834,219,15,11,237,5.63583497,Wednesday,2,1,3.65,92.40506329,4.383333333,88.55218855,August,8
8/20/2015,3421,12929,9.61,4,565,425,25,18,207,551,42,27,593,5.97137531,Thursday,3,1,9.183333333,92.91736931,3.65,92.40506329,August,8
8/21/2015,3382,16365,12.16,5,461,329,45,16,195,429,34,16,465,7.55587136,Friday,4,1,7.15,92.25806452,9.183333333,92.91736931,August,8
8/22/2015,3498,17252,12.82,15,481,382,19,42,2164,263,7,13,285,7.96597622,Saturday,5,0,4.383333333,92.28070175,7.15,92.25806452,August,8
8/23/2015,3288,14537,10.8,3,518,345,19,47,1937,445,75,38,526,6.7108068,Sunday,6,0,7.416666667,84.60076046,4.383333333,92.28070175,August,8
8/24/2015,3215,13404,9.96,18,685,192,38,71,1648,212,33,15,247,6.18885516,Monday,0,1,3.533333333,85.82995951,7.416666667,84.60076046,August,8
8/25/2015,3063,1094,8.13,12,697,199,52,50,153,324,22,13,354,5.05174623,Tuesday,1,1,5.4,91.52542373,3.533333333,85.82995951,August,8
8/26/2015,2928,10032,7.45,13,757,175,45,45,1328,465,60,33,525,4.62921395,Wednesday,2,1,7.75,88.57142857,5.4,91.52542373,August,8
8/27/2015,3229,14008,10.41,6,544,334,18,35,1828,440,33,23,476,6.46847211,Thursday,3,1,7.333333333,92.43697479,7.75,88.57142857,August,8
8/28/2015,3356,12149,9.03,11,1.051,369,9,11,1861,518,28,19,549,5.61098013,Friday,4,1,8.633333333,94.35336976,7.333333333,92.43697479,August,8
8/29/2015,389,19977,14.84,26,648,395,23,74,254,375,49,33,446,9.22114564,Saturday,5,0,6.25,84.08071749,8.633333333,94.35336976,August,8
8/30/2015,2961,11924,8.91,64,1.421,0,0,0,0,326,13,6,339,5.53641561,Sunday,6,0,5.433333333,96.16519174,6.25,84.08071749,August,8
8/31/2015,3136,10757,7.99,15,1.187,145,43,65,1532,397,21,14,437,4.96475429,Monday,0,1,6.616666667,90.84668192,5.433333333,96.16519174,August,8
9/1/2015,3681,12229,9.11,24,689,421,17,16,22,497,47,37,549,5.66068981,Tuesday,1,1,8.283333333,90.52823315,6.616666667,90.84668192,September,9
9/2/2015,3009,1033,7.68,16,770,248,16,15,1369,0,0,0,0,4.77212928,Wednesday,2,1,0,0,8.283333333,90.52823315,September,9
9/3/2015,3094,11689,8.69,11,1.043,182,50,51,153,234,5,8,250,5.39971399,Thursday,3,1,3.9,93.6,0,0,September,9
9/4/2015,3518,15627,11.61,26,606,284,50,55,2063,52,6,3,69,7.21411731,Friday,4,1,0.866666667,75.36231884,3.9,93.6,September,9
9/5/2015,2885,10681,7.94,1,656,240,15,30,1356,0,0,0,0,4.93368574,Saturday,5,0,0,0,0.866666667,75.36231884,September,9
9/6/2015,2745,7907,5.88,0,654,287,0,0,1217,125,13,9,141,3.65366148,Sunday,6,0,2.083333333,88.65248227,0,0,September,9
9/7/2015,2829,9487,7.05,17,1.156,152,40,28,1197,316,46,20,366,4.38066555,Monday,0,1,5.266666667,86.33879781,2.083333333,88.65248227,September,9
9/8/2015,2742,8253,6.13,11,1.137,91,16,29,7630,0,0,0,0,3.80900423,Tuesday,1,1,0,0,5.266666667,86.33879781,September,9
9/9/2015,4351,22238,16.52,16,355,407,87,85,3181,452,26,18,489,10.26504892,Wednesday,2,1,7.533333333,92.43353783,0,0,September,9
9/10/2015,2967,1065,7.91,15,940,198,38,42,1421,479,32,21,512,4.91504461,Thursday,3,1,7.983333333,93.5546875,7.533333333,92.43353783,September,9
9/11/2015,3054,12038,8.94,14,700,201,44,57,153,382,30,18,414,5.55505674,Friday,4,1,6.366666667,92.2705314,7.983333333,93.5546875,September,9
9/12/2015,2937,1148,8.53,2,462,315,8,13,1481,0,0,0,0,5.30029463,Saturday,5,0,0,0,6.366666667,92.2705314,September,9
9/13/2015,2977,9199,6.84,5,600,361,15,8,1564,153,8,9,163,4.25017764,Sunday,6,0,2.55,93.86503067,0,0,September,9
9/14/2015,2947,9564,7.11,16,1.118,168,43,46,1355,393,61,33,468,4.41794781,Monday,0,1,6.55,83.97435897,2.55,93.86503067,September,9
9/15/2015,2821,9019,6.7,13,755,144,72,25,1247,226,12,8,249,4.1631857,Tuesday,1,1,3.766666667,90.76305221,6.55,83.97435897,September,9
9/16/2015,3041,10239,7.61,13,675,192,35,46,1464,249,31,15,287,4.72863331,Wednesday,2,1,4.15,86.75958188,3.766666667,90.76305221,September,9
9/17/2015,2796,7739,5.75,14,741,211,17,10,114,525,72,45,603,3.57288325,Thursday,3,1,8.75,87.06467662,4.15,86.75958188,September,9
9/18/2015,2978,1262,9.38,9,773,170,59,39,1419,414,61,34,480,5.82845998,Friday,4,1,6.9,86.25,8.75,87.06467662,September,9
9/19/2015,316,14226,10.57,11,669,291,35,41,1736,0,0,0,0,6.56789147,Saturday,5,0,0,0,6.9,86.25,September,9
9/20/2015,2325,3858,2.87,1,1.255,185,0,0,7000,426,17,11,444,1.78333477,Sunday,6,0,7.1,95.94594595,0,0,September,9
9/21/2015,3458,17603,13.08,35,1.053,223,56,67,1912,423,40,27,478,8.12753268,Monday,0,1,7.05,88.49372385,7.1,95.94594595,September,9
9/22/2015,2988,10699,7.95,17,655,252,32,21,1471,407,41,29,457,4.93989945,Tuesday,1,1,6.783333333,89.05908096,7.05,88.49372385,September,9
9/23/2015,2561,7261,5.39,17,908,135,14,18,8690,393,58,30,452,3.34918969,Wednesday,2,1,6.55,86.94690265,6.783333333,89.05908096,September,9
9/24/2015,3159,10608,7.88,17,1.107,177,63,52,16,396,35,24,433,4.89640348,Thursday,3,1,6.6,91.45496536,6.55,86.94690265,September,9
9/25/2015,3193,12271,9.12,7,548,323,34,24,1799,0,0,0,0,5.66690352,Friday,4,1,0,0,6.6,91.45496536,September,9
9/26/2015,2934,9998,7.45,2,782,327,0,0,1431,0,0,0,0,4.62921395,Saturday,5,0,0,0,0,0,September,9
9/27/2015,2589,5757,4.28,1,800,270,0,0,1033,395,35,17,430,2.65946788,Sunday,6,0,6.583333333,91.86046512,0,0,September,9
9/28/2015,2874,8995,6.68,13,826,171,45,33,129,420,36,17,456,4.15075828,Monday,0,1,7,92.10526316,6.583333333,91.86046512,September,9
9/29/2015,2757,7553,5.61,13,789,163,54,15,1146,0,0,0,0,3.48589131,Tuesday,1,1,0,0,7,92.10526316,September,9
9/30/2015,2714,6494,4.83,11,711,208,26,5,1092,434,35,16,469,3.00122193,Wednesday,2,1,7.233333333,92.53731343,0,0,September,9
10/1/2015,2712,7951,5.91,11,667,191,40,9,1126,359,54,30,414,3.67230261,Thursday,3,1,5.983333333,86.71497585,7.233333333,92.53731343,October,10
10/2/2015,2809,7424,5.52,8,801,179,43,25,1206,265,20,10,285,3.42996792,Friday,4,1,4.416666667,92.98245614,5.983333333,86.71497585,October,10
10/3/2015,2322,6813,5.06,0,1.315,75,41,9,6670,411,38,23,450,3.14413726,Saturday,5,0,6.85,91.33333333,4.416666667,92.98245614,October,10
10/4/2015,2319,3991,2.97,1,1.136,163,0,0,6450,309,39,26,348,1.84547187,Sunday,6,0,5.15,88.79310345,6.85,91.33333333,October,10
10/5/2015,2859,9725,7.23,6,988,268,24,14,1378,477,27,16,504,4.49251233,Monday,0,1,7.95,94.64285714,5.15,88.79310345,October,10
10/6/2015,2978,8936,6.64,16,780,205,46,27,1383,403,45,27,448,4.12590344,Tuesday,1,1,6.716666667,89.95535714,7.95,94.64285714,October,10
10/7/2015,2678,6565,4.88,10,841,157,27,20,1009,431,39,28,470,3.03229048,Wednesday,2,1,7.183333333,91.70212766,6.716666667,89.95535714,October,10
10/8/2015,2767,7865,5.84,15,1.118,204,32,13,1178,0,0,0,0,3.62880664,Thursday,3,1,0,0,7.183333333,91.70212766,October,10
10/9/2015,2549,8718,6.48,10,976,65,0,0,2580,108,7,5,115,4.02648408,Friday,4,1,1.8,93.91304348,0,0,October,10
10/10/2015,2918,12364,9.22,0,1.046,234,29,32,1423,78,3,2,81,5.72904062,Saturday,5,0,1.3,96.2962963,1.8,93.91304348,October,10
10/11/2015,2509,5216,3.88,1,1.243,175,17,5,8780,397,66,35,463,2.41091948,Sunday,6,0,6.616666667,85.74514039,1.3,96.2962963,October,10
10/12/2015,2687,658,4.89,10,1.246,104,57,33,1059,387,17,8,404,3.03850419,Monday,0,1,6.45,95.79207921,6.616666667,85.74514039,October,10
10/13/2015,2698,7015,5.21,10,1.244,130,37,29,1036,0,0,0,0,3.23734291,Tuesday,1,1,0,0,6.45,95.79207921,October,10
10/14/2015,2621,8103,6.02,5,1.219,215,4,2,1017,407,65,33,472,3.74065342,Wednesday,2,1,6.783333333,86.22881356,0,0,October,10
10/15/2015,2698,6962,5.17,11,1.234,115,57,28,1075,92,7,6,99,3.21248807,Thursday,3,1,1.533333333,92.92929293,6.783333333,86.22881356,October,10
10/16/2015,3295,16478,12.3,12,643,304,8,43,1833,0,0,0,0,7.6428633,Friday,4,1,0,0,1.533333333,92.92929293,October,10
10/17/2015,2871,11603,8.62,3,732,236,38,22,1384,0,0,0,0,5.35621802,Saturday,5,0,0,0,0,0,October,10
10/18/2015,2899,11429,8.49,0,962,269,8,17,139,0,0,0,0,5.27543979,Sunday,6,0,0,0,0,0,October,10
10/19/2015,2581,6293,4.68,1,854,226,0,0,9560,0,0,0,0,2.90801628,Monday,0,1,0,0,0,0,October,10
10/20/2015,2672,7269,5.4,14,1.29,105,22,23,7910,0,0,0,0,3.3554034,Tuesday,1,1,0,0,0,0,October,10
10/21/2015,2406,4471,3.32,2,1.134,165,0,0,6860,326,29,16,355,2.06295172,Wednesday,2,1,5.433333333,91.83098592,0,0,October,10
10/22/2015,341,17913,13.31,7,1.053,210,39,75,1851,444,57,33,505,8.27044801,Thursday,3,1,7.4,87.92079208,5.433333333,91.83098592,October,10
10/23/2015,2511,5431,4.04,1,678,166,9,13,8080,142,9,6,151,2.51033884,Friday,4,1,2.366666667,94.0397351,7.4,87.92079208,October,10
10/24/2015,2907,11672,8.67,0,663,222,48,29,1401,347,45,29,393,5.38728657,Saturday,5,0,5.783333333,88.29516539,2.366666667,94.0397351,October,10
10/25/2015,3435,14777,10.98,0,597,302,57,39,1943,0,0,0,0,6.82265358,Sunday,6,0,0,0,5.783333333,88.29516539,October,10
10/26/2015,2931,9171,6.81,9,767,273,30,7,1414,0,0,0,0,4.23153651,Monday,0,1,0,0,0,0,October,10
10/27/2015,2867,8807,6.54,11,810,224,29,12,1275,136,21,10,157,4.06376634,Tuesday,1,1,2.266666667,86.62420382,0,0,October,10
10/28/2015,247,5623,4.18,2,779,170,19,3,8170,209,14,6,223,2.59733078,Wednesday,2,1,3.483333333,93.72197309,2.266666667,86.62420382,October,10
10/29/2015,3109,1291,9.59,20,1.091,258,24,20,1519,365,19,14,384,5.95894789,Thursday,3,1,6.083333333,95.05208333,3.483333333,93.72197309,October,10
10/30/2015,2942,8805,6.54,12,821,170,51,29,1264,151,16,10,167,4.06376634,Friday,4,1,2.516666667,90.41916168,6.083333333,95.05208333,October,10
10/31/2015,2736,7107,5.28,0,510,277,0,0,1162,226,24,15,250,3.28083888,Saturday,5,0,3.766666667,90.4,2.516666667,90.41916168,October,10
11/1/2015,2395,3862,2.87,0,889,166,0,0,6610,405,44,23,449,1.78333477,Sunday,6,0,6.75,90.20044543,3.766666667,90.4,November,11
11/2/2015,259,7368,5.47,13,1.279,126,22,13,7770,276,28,14,304,3.39889937,Monday,0,1,4.6,90.78947368,6.75,90.20044543,November,11
11/3/2015,2403,6269,4.66,9,1.43,10,0,0,370,0,0,0,0,2.89558886,Tuesday,1,1,0,0,4.6,90.78947368,November,11
11/4/2015,2917,852,6.33,14,662,191,43,24,1294,155,8,5,163,3.93327843,Wednesday,2,1,2.583333333,95.09202454,0,0,November,11
11/5/2015,2851,8116,6.03,13,827,228,37,8,1258,383,41,23,424,3.74686713,Thursday,3,1,6.383333333,90.33018868,2.583333333,95.09202454,November,11
11/6/2015,282,8268,6.14,14,776,145,75,22,1218,319,15,7,334,3.81521794,Friday,4,1,5.316666667,95.50898204,6.383333333,90.33018868,November,11
11/7/2015,369,14489,10.77,0,525,280,52,68,2285,0,0,0,0,6.69216567,Saturday,5,0,0,0,5.316666667,95.50898204,November,11
11/8/2015,3067,9212,6.84,2,508,198,27,53,151,0,0,0,0,4.25017764,Sunday,6,0,0,0,0,0,November,11
11/9/2015,2828,95,7.06,0,756,218,28,13,1225,345,41,21,386,4.38687926,Monday,0,1,5.75,89.37823834,0,0,November,11
11/10/2015,3336,11151,8.29,1,705,198,40,79,1799,383,47,28,431,5.15116559,Tuesday,1,1,6.383333333,88.86310905,5.75,89.37823834,November,11
11/11/2015,2867,12351,9.18,1,981,181,66,24,1353,391,23,11,414,5.70418578,Wednesday,2,1,6.516666667,94.44444444,6.383333333,88.86310905,November,11
11/12/2015,2847,1067,7.93,1,684,162,17,61,1228,231,26,15,257,4.92747203,Thursday,3,1,3.85,89.88326848,6.516666667,94.44444444,November,11
11/13/2015,246,5574,4.14,1,1.209,156,8,16,7780,526,30,17,556,2.57247594,Friday,4,1,8.766666667,94.60431655,3.85,89.88326848,November,11
11/14/2015,3445,11587,8.61,4,608,159,41,103,1953,369,62,37,440,5.35000431,Saturday,5,0,6.15,83.86363636,8.766666667,94.60431655,November,11
11/15/2015,2853,9499,7.06,2,738,167,28,44,1219,291,46,26,337,4.38687926,Sunday,6,0,4.85,86.35014837,6.15,83.86363636,November,11
11/16/2015,359,13788,10.53,18,978,282,31,61,199,143,8,5,151,6.54303663,Monday,0,1,2.383333333,94.70198676,4.85,86.35014837,November,11
11/17/2015,3792,18361,13.72,33,543,366,73,42,2462,503,50,31,553,8.52521012,Tuesday,1,1,8.383333333,90.95840868,2.383333333,94.70198676,November,11
11/18/2015,3222,14055,10.44,10,673,268,53,27,1771,0,0,0,0,6.48711324,Wednesday,2,1,0,0,8.383333333,90.95840868,November,11
11/19/2015,3092,11927,8.86,9,726,305,21,37,165,524,32,14,556,5.50534706,Thursday,3,1,8.733333333,94.24460432,0,0,November,11
11/20/2015,3395,15221,11.31,6,464,316,40,58,2004,269,36,21,307,7.02770601,Friday,4,1,4.483333333,87.62214984,8.733333333,94.24460432,November,11
11/21/2015,2802,8568,6.42,1,1.174,249,3,14,1209,0,0,0,0,3.98920182,Saturday,5,0,0,0,4.483333333,87.62214984,November,11
11/22/2015,2177,3284,2.44,0,1.269,98,3,8,4770,378,32,23,410,1.51614524,Sunday,6,0,6.3,92.19512195,0,0,November,11
11/23/2015,3035,9408,6.99,1,682,295,31,14,1552,424,31,24,462,4.34338329,Monday,0,1,7.066666667,91.77489177,6.3,92.19512195,November,11
11/24/2015,2843,10261,7.62,1,1.182,210,2,46,1262,353,33,26,386,4.73484702,Tuesday,1,1,5.883333333,91.4507772,7.066666667,91.77489177,November,11
11/25/2015,2829,8218,6.11,22,1.142,155,50,22,1177,444,46,25,490,3.79657681,Wednesday,2,1,7.4,90.6122449,5.883333333,91.4507772,November,11
11/26/2015,3076,976,7.25,13,1.13,214,61,30,1502,0,0,0,0,4.50493975,Thursday,3,1,0,0,7.4,90.6122449,November,11
11/27/2015,3242,10769,8,17,725,222,60,42,1711,0,0,0,0,4.970968,Friday,4,1,0,0,0,0,November,11
11/28/2015,3254,11671,8.7,5,643,375,7,15,1776,244,32,16,276,5.4059277,Saturday,5,0,4.066666667,88.4057971,0,0,November,11
11/29/2015,3247,14444,10.73,14,618,258,39,51,1821,0,0,0,0,6.66731083,Sunday,6,0,0,0,4.066666667,88.4057971,November,11
11/30/2015,4012,23313,17.32,16,550,389,67,75,2743,69,2,1,71,10.76214572,Monday,0,1,1.15,97.18309859,0,0,November,11
12/1/2015,3232,1681,12.49,14,750,152,9,97,1618,0,0,0,0,7.76092379,Tuesday,1,1,0,0,1.15,97.18309859,December,12
12/2/2015,3125,10745,8.01,10,634,174,48,62,1559,325,22,17,348,4.97718171,Wednesday,2,1,5.416666667,93.3908046,0,0,December,12
12/3/2015,3165,10784,8.04,14,774,201,25,68,16,404,43,32,448,4.99582284,Thursday,3,1,6.733333333,90.17857143,5.416666667,93.3908046,December,12
12/4/2015,2835,1074,8.08,11,1.1,146,39,52,1271,328,33,22,362,5.02067768,Friday,4,1,5.466666667,90.60773481,6.733333333,90.17857143,December,12
12/5/2015,2872,8531,6.36,0,723,325,0,0,1354,352,37,24,397,3.95191956,Saturday,5,0,5.866666667,88.66498741,5.466666667,90.60773481,December,12
12/6/2015,3072,12738,9.46,10,811,244,45,35,1579,275,31,14,306,5.87816966,Sunday,6,0,4.583333333,89.86928105,5.866666667,88.66498741,December,12
12/7/2015,3107,1352,10.07,13,672,261,13,50,1603,398,44,33,442,6.25720597,Monday,0,1,6.633333333,90.04524887,4.583333333,89.86928105,December,12
12/8/2015,3801,15884,11.83,2,962,248,25,123,2393,271,37,21,308,7.35081893,Tuesday,1,1,4.516666667,87.98701299,6.633333333,90.04524887,December,12
12/9/2015,3062,10026,7.45,17,803,204,29,38,1449,0,0,0,0,4.62921395,Wednesday,2,1,0,0,4.516666667,87.98701299,December,12
12/10/2015,3044,11868,8.84,17,1.19,170,26,54,1411,268,8,4,276,5.49291964,Thursday,3,1,4.466666667,97.10144928,0,0,December,12
12/11/2015,3082,12381,9.22,17,1.096,212,30,52,1503,196,19,7,215,5.72904062,Friday,4,1,3.266666667,91.1627907,4.466666667,97.10144928,December,12
12/12/2015,2766,7157,5.32,11,605,290,0,0,1216,232,11,6,243,3.30569372,Saturday,5,0,3.866666667,95.47325103,3.266666667,91.1627907,December,12
12/13/2015,2787,7055,5.24,2,690,248,19,6,1182,0,0,0,0,3.25598404,Sunday,6,0,0,0,3.866666667,95.47325103,December,12
12/14/2015,2831,9348,6.99,18,827,179,22,42,1229,318,38,31,369,4.34338329,Monday,0,1,5.3,86.17886179,0,0,December,12
12/15/2015,2711,8566,6.39,15,898,137,28,33,1038,0,0,0,0,3.97056069,Tuesday,1,1,0,0,5.3,86.17886179,December,12
12/16/2015,2714,9786,7.27,20,1.118,159,29,28,111,0,0,0,0,4.51736717,Wednesday,2,1,0,0,0,0,December,12
12/17/2015,2709,8371,6.22,18,1.069,146,31,24,105,464,58,35,522,3.86492762,Thursday,3,1,7.733333333,88.88888889,0,0,December,12
12/18/2015,2917,9428,7.01,10,1.141,220,43,21,1331,279,21,20,303,4.35581071,Friday,4,1,4.65,92.07920792,7.733333333,88.88888889,December,12
12/19/2015,311,13742,10.21,6,579,357,15,22,1734,321,39,21,361,6.34419791,Saturday,5,0,5.35,88.91966759,4.65,92.07920792,December,12
12/20/2015,3391,15636,11.73,2,550,316,56,23,1973,242,12,6,254,7.28868183,Sunday,6,0,4.033333333,95.27559055,5.35,88.91966759,December,12
12/21/2015,3145,12778,9.49,15,664,313,42,6,1678,102,4,2,106,5.89681079,Monday,0,1,1.7,96.22641509,4.033333333,95.27559055,December,12
12/22/2015,2636,7378,5.48,12,838,176,33,12,1044,161,9,4,170,3.40511308,Tuesday,1,1,2.683333333,94.70588235,1.7,96.22641509,December,12
12/23/2015,1789,0,0,0,1.44,0,0,0,0,0,0,0,0,0,Wednesday,2,1,0,0,2.683333333,94.70588235,December,12
12/24/2015,2573,6452,4.79,0,1.217,223,0,0,9620,440,42,22,482,2.97636709,Thursday,3,1,7.333333333,91.28630705,0,0,December,12
12/25/2015,2808,7837,5.82,0,663,332,0,0,1311,339,48,28,387,3.61637922,Friday,4,1,5.65,87.59689922,7.333333333,91.28630705,December,12
12/26/2015,2626,6504,4.83,0,588,282,0,0,1089,388,16,10,404,3.00122193,Saturday,5,0,6.466666667,96.03960396,5.65,87.59689922,December,12
12/27/2015,2604,6444,4.84,1,746,252,0,0,103,419,19,11,438,3.00743564,Sunday,6,0,6.983333333,95.66210046,6.466666667,96.03960396,December,12
12/28/2015,2845,7845,5.83,2,686,337,0,0,1359,0,0,0,0,3.62259293,Monday,0,1,0,0,6.983333333,95.66210046,December,12
12/29/2015,3135,1226,9.11,11,636,375,3,26,1718,0,0,0,0,5.66068981,Tuesday,1,1,0,0,0,0,December,12
12/30/2015,305,12154,9.05,9,617,276,6,45,1567,308,49,27,357,5.62340755,Wednesday,2,1,5.133333333,86.2745098,0,0,December,12
12/31/2015,2856,7801,5.8,0,577,362,0,0,1394,488,46,27,534,3.6039518,Thursday,3,1,8.133333333,91.38576779,5.133333333,86.2745098,December,12
1/1/2016,2992,1046,7.92,0,685,375,0,0,1558,326,39,24,365,4.92125832,Friday,4,1,5.433333333,89.31506849,8.133333333,91.38576779,January,1
1/2/2016,3265,13837,10.33,7,601,339,15,36,1841,207,31,18,238,6.41876243,Saturday,5,0,3.45,86.97478992,5.433333333,89.31506849,January,1
1/3/2016,309,12517,9.3,11,1.034,272,9,49,1566,242,10,6,252,5.7787503,Sunday,6,0,4.033333333,96.03174603,3.45,86.97478992,January,1
1/4/2016,3116,10366,7.7,16,650,235,53,30,159,448,58,33,506,4.7845567,Monday,0,1,7.466666667,88.53754941,4.033333333,96.03174603,January,1
1/5/2016,3241,12127,9.13,16,682,284,47,28,176,541,31,13,572,5.67311723,Tuesday,1,1,9.016666667,94.58041958,7.466666667,88.53754941,January,1
1/6/2016,2992,11327,8.42,14,613,314,5,32,153,278,15,14,295,5.23194382,Wednesday,2,1,4.633333333,94.23728814,9.016666667,94.58041958,January,1
1/7/2016,3146,11098,8.25,15,720,247,53,30,163,316,39,19,355,5.12631075,Thursday,3,1,5.266666667,89.01408451,4.633333333,94.23728814,January,1
1/8/2016,3174,12395,9.23,2,567,405,7,8,1812,0,0,0,0,5.73525433,Friday,4,1,0,0,5.266666667,89.01408451,January,1
1/9/2016,2615,6643,4.94,0,676,283,0,0,1093,380,52,31,432,3.06957274,Saturday,5,0,6.333333333,87.96296296,0,0,January,1
1/10/2016,2711,8846,6.57,9,1.167,183,36,29,1197,297,31,19,328,4.08240747,Sunday,6,0,4.95,90.54878049,6.333333333,87.96296296,January,1
1/11/2016,3013,9642,7.16,15,758,247,44,24,1472,354,43,22,397,4.44901636,Monday,0,1,5.9,89.16876574,4.95,90.54878049,January,1
1/12/2016,2993,9982,7.42,8,839,222,30,26,1387,336,16,8,352,4.61057282,Tuesday,1,1,5.6,95.45454545,5.9,89.16876574,January,1
1/13/2016,2627,6613,4.91,11,857,205,13,3,102,306,17,10,323,3.05093161,Wednesday,2,1,5.1,94.73684211,5.6,95.45454545,January,1
1/14/2016,3128,12161,9.21,11,719,198,34,60,156,396,29,10,425,5.72282691,Thursday,3,1,6.6,93.17647059,5.1,94.73684211,January,1
1/15/2016,3361,14837,11.37,11,687,210,58,71,1917,0,0,0,0,7.06498827,Friday,4,1,0,0,6.6,93.17647059,January,1
1/16/2016,3379,16759,12.59,7,589,333,23,59,1977,327,18,11,345,7.82306089,Saturday,5,0,5.45,94.7826087,0,0,January,1
1/17/2016,2878,9602,7.26,0,547,279,4,15,1314,254,36,18,290,4.51115346,Sunday,6,0,4.233333333,87.5862069,5.45,94.7826087,January,1
1/18/2016,2144,3761,2.79,7,998,99,5,3,4670,423,13,7,436,1.73362509,Monday,0,1,7.05,97.01834862,4.233333333,87.5862069,January,1
1/19/2016,2543,7456,5.6,6,1.215,103,22,35,8810,345,29,19,374,3.4796776,Tuesday,1,1,5.75,92.2459893,7.05,97.01834862,January,1
1/20/2016,3472,16755,12.78,10,551,331,24,51,2073,391,39,22,430,7.94112138,Wednesday,2,1,6.516666667,90.93023256,5.75,92.2459893,January,1
1/21/2016,3218,11937,8.96,12,699,254,57,32,1729,400,41,27,441,5.56748416,Thursday,3,1,6.666666667,90.70294785,6.516666667,90.93023256,January,1
1/22/2016,3426,14577,10.96,5,519,391,34,22,211,434,31,26,466,6.81022616,Friday,4,1,7.233333333,93.13304721,6.666666667,90.70294785,January,1
1/23/2016,3615,17541,13.12,9,570,358,50,45,2286,325,11,5,336,8.15238752,Saturday,5,0,5.416666667,96.72619048,7.233333333,93.13304721,January,1
1/24/2016,1801,39,0.03,0,1.076,5,0,0,160,0,0,0,0,0.01864113,Sunday,6,0,0,0,5.416666667,96.72619048,January,1
1/25/2016,242,661,4.91,10,1.27,93,24,26,7560,468,37,24,507,3.05093161,Monday,0,1,7.8,92.30769231,0,0,January,1
1/26/2016,3066,13073,9.71,18,790,166,52,61,1521,336,55,30,391,6.03351241,Tuesday,1,1,5.6,85.93350384,7.8,92.30769231,January,1
1/27/2016,2886,9997,7.46,9,759,164,52,28,1291,458,63,36,521,4.63542766,Wednesday,2,1,7.633333333,87.90786948,5.6,85.93350384,January,1
1/28/2016,3092,10707,7.96,10,753,262,57,18,1592,339,47,28,386,4.94611316,Thursday,3,1,5.65,87.8238342,7.633333333,87.90786948,January,1
1/29/2016,2931,9952,7.39,17,760,233,30,26,14,342,48,31,390,4.59193169,Friday,4,1,5.7,87.69230769,5.65,87.8238342,January,1
1/30/2016,3034,9774,7.26,0,519,357,16,2,1641,0,0,0,0,4.51115346,Saturday,5,0,0,0,5.7,87.69230769,January,1
1/31/2016,2787,626,4.65,0,671,298,0,0,1277,357,35,22,392,2.88937515,Sunday,6,0,5.95,91.07142857,0,0,January,1
2/1/2016,2986,11426,8.52,12,911,192,48,43,1478,328,37,21,365,5.29408092,Monday,0,1,5.466666667,89.8630137,5.95,91.07142857,February,2
2/2/2016,2974,10466,7.78,13,802,152,48,48,1333,385,41,27,427,4.83426638,Tuesday,1,1,6.416666667,90.16393443,5.466666667,89.8630137,February,2
2/3/2016,3199,12866,9.63,11,767,271,45,28,1703,248,32,20,280,5.98380273,Wednesday,2,1,4.133333333,88.57142857,6.416666667,90.16393443,February,2
2/4/2016,2037,2449,1.87,0,821,80,0,0,3370,410,26,14,436,1.16196377,Thursday,3,1,6.833333333,94.03669725,4.133333333,88.57142857,February,2
2/5/2016,311,10434,7.75,13,718,243,42,29,1544,424,48,28,473,4.81562525,Friday,4,1,7.066666667,89.64059197,6.833333333,94.03669725,February,2
2/5/2016,311,10434,7.75,13,718,243,42,29,1544,401,18,14,420,4.81562525,Friday,4,1,6.683333333,95.47619048,7.066666667,89.64059197,February,2
2/6/2016,3177,12578,9.4,0,563,388,10,11,1784,350,29,19,380,5.8408874,Saturday,5,0,5.833333333,92.10526316,6.683333333,95.47619048,February,2
2/7/2016,3182,15373,11.7,12,599,273,10,62,1729,316,15,7,331,7.2700407,Sunday,6,0,5.266666667,95.46827795,5.833333333,92.10526316,February,2
2/8/2016,3206,12327,9.24,8,699,278,28,30,168,376,50,30,426,5.74146804,Monday,0,1,6.266666667,88.2629108,5.266666667,95.46827795,February,2
2/9/2016,2872,10457,7.82,14,847,181,15,41,1252,342,41,21,383,4.85912122,Tuesday,1,1,5.7,89.29503916,6.266666667,88.2629108,February,2
2/10/2016,2662,99,7.43,21,1.237,156,6,41,1098,0,0,0,0,4.61678653,Wednesday,2,1,0,0,5.7,89.29503916,February,2
2/11/2016,2899,8966,6.66,14,802,235,21,20,1299,333,22,15,355,4.13833086,Thursday,3,1,5.55,93.8028169,0,0,February,2
2/12/2016,2816,8353,6.21,19,732,219,17,26,1187,322,26,14,348,3.85871391,Friday,4,1,5.366666667,92.52873563,5.55,93.8028169,February,2
2/13/2016,3235,13907,10.36,0,551,357,15,15,1813,448,55,29,503,6.43740356,Saturday,5,0,7.466666667,89.06560636,5.366666667,92.52873563,February,2
2/14/2016,3289,14183,10.54,13,617,374,45,12,1941,264,28,20,293,6.54925034,Sunday,6,0,4.4,90.10238908,7.466666667,89.06560636,February,2
2/15/2016,2751,8453,6.28,11,1.304,124,8,4,5890,0,0,0,0,3.90220988,Monday,0,1,0,0,4.4,90.10238908,February,2
2/16/2016,2927,7995,5.98,15,802,231,34,16,1347,305,27,16,334,3.71579858,Tuesday,1,1,5.083333333,91.31736527,0,0,February,2
2/17/2016,2783,6707,4.98,10,913,174,36,19,1131,309,12,7,321,3.09442758,Wednesday,2,1,5.15,96.26168224,5.083333333,91.31736527,February,2
2/18/2016,2804,8109,6.1,13,1.212,143,42,33,1146,0,0,0,0,3.7903631,Thursday,3,1,0,0,5.15,96.26168224,February,2
2/19/2016,2815,11971,9.23,11,865,179,3,51,1234,317,17,9,334,5.73525433,Friday,4,1,5.283333333,94.91017964,0,0,February,2
2/20/2016,296,11371,8.45,0,457,327,14,19,1533,383,35,31,419,5.25058495,Saturday,5,0,6.383333333,91.40811456,5.283333333,94.91017964,February,2
2/21/2016,2038,219,1.63,0,954,93,0,0,3510,347,45,32,393,1.01283473,Sunday,6,0,5.783333333,88.29516539,6.383333333,91.40811456,February,2
2/22/2016,2594,6592,4.93,10,1.234,155,23,14,9580,0,0,0,0,3.06335903,Monday,0,1,0,0,5.783333333,88.29516539,February,2
2/23/2016,2841,8624,6.41,10,739,193,36,25,122,243,23,9,266,3.98298811,Tuesday,1,1,4.05,91.35338346,0,0,February,2
2/24/2016,2933,8307,6.17,12,762,195,25,37,1305,437,22,9,459,3.83385907,Wednesday,2,1,7.283333333,95.20697168,4.05,91.35338346,February,2
2/25/2016,2816,7941,5.9,9,878,142,47,32,1184,382,35,21,417,3.6660889,Thursday,3,1,6.366666667,91.60671463,7.283333333,95.20697168,February,2
2/26/2016,2764,805,5.98,9,1.203,177,40,20,115,0,0,0,0,3.71579858,Friday,4,1,0,0,6.366666667,91.60671463,February,2
2/27/2016,3029,9923,7.37,5,1.124,184,25,44,1306,0,0,0,0,4.57950427,Saturday,5,0,0,0,0,0,February,2
2/28/2016,2844,9504,7.15,2,687,283,10,1,1322,262,33,16,295,4.44280265,Sunday,6,0,4.366666667,88.81355932,0,0,February,2
2/29/2016,2612,6847,5.09,10,731,206,20,1,1023,166,14,7,180,3.16277839,Monday,0,1,2.766666667,92.22222222,4.366666667,88.81355932,February,2
3/1/2016,3117,11618,8.66,12,776,217,59,29,1584,420,31,26,451,5.38107286,Tuesday,1,1,7,93.12638581,2.766666667,92.22222222,March,3
3/2/2016,2897,1045,7.76,19,765,199,35,26,1292,327,34,22,361,4.82183896,Wednesday,2,1,5.45,90.58171745,7,93.12638581,March,3
3/3/2016,2864,11478,8.69,17,749,167,5,45,1219,420,45,28,465,5.39971399,Thursday,3,1,7,90.32258065,5.45,90.58171745,March,3
3/4/2016,2996,1065,7.97,13,754,227,31,30,142,157,10,5,167,4.95232687,Friday,4,1,2.616666667,94.01197605,7,90.32258065,March,3
3/5/2016,2228,3103,2.31,1,1.042,155,0,0,5720,302,23,15,325,1.43536701,Saturday,5,0,5.033333333,92.92307692,2.616666667,94.01197605,March,3
3/6/2016,266,696,5.2,0,1.105,280,0,0,1103,0,0,0,0,3.2311292,Sunday,6,0,0,0,5.033333333,92.92307692,March,3
3/7/2016,322,16699,13.4,11,791,158,9,97,1664,348,39,23,387,8.3263714,Monday,0,1,5.8,89.92248062,0,0,March,3
3/8/2016,3083,14068,11.26,14,824,167,8,65,1469,267,31,18,299,6.99663746,Tuesday,1,1,4.45,89.29765886,5.8,89.92248062,March,3
3/9/2016,3339,18092,14.05,19,1.12,243,8,69,1833,0,0,0,0,8.73026255,Wednesday,2,1,0,0,4.45,89.29765886,March,3
3/10/2016,3307,1853,14.71,20,793,162,21,100,1766,334,29,18,364,9.14036741,Thursday,3,1,5.566666667,91.75824176,0,0,March,3
3/11/2016,3135,14587,10.86,2,1.013,313,14,38,1726,0,0,0,0,6.74808906,Friday,4,1,0,0,5.566666667,91.75824176,March,3
3/12/2016,284,9992,7.45,4,685,339,0,13,1438,275,13,10,288,4.62921395,Saturday,5,0,4.583333333,95.48611111,0,0,March,3
3/13/2016,179,0,0,0,1.44,0,0,0,0,0,0,0,0,0,Sunday,6,0,0,0,4.583333333,95.48611111,March,3
3/14/2016,2538,9336,7.4,11,1.288,73,4,50,8500,0,0,0,0,4.5981454,Monday,0,1,0,0,0,0,March,3
3/15/2016,3133,15596,12.61,13,782,187,3,77,1557,356,14,5,370,7.83548831,Tuesday,1,1,5.933333333,96.21621622,0,0,March,3
3/16/2016,396,25385,20.45,17,638,254,17,124,2556,368,46,22,414,12.70703695,Wednesday,2,1,6.133333333,88.88888889,5.933333333,96.21621622,March,3
3/17/2016,315,14577,11.46,17,823,162,10,81,1553,388,14,10,402,7.12091166,Thursday,3,1,6.466666667,96.51741294,6.133333333,88.88888889,March,3
3/18/2016,3214,16667,13.08,12,832,173,9,90,1647,223,33,17,256,8.12753268,Friday,4,1,3.716666667,87.109375,6.466666667,96.51741294,March,3
3/19/2016,387,13361,9.93,7,530,418,38,50,2548,435,49,31,484,6.17021403,Saturday,5,0,7.25,89.87603306,3.716666667,87.109375,March,3
3/20/2016,2731,6754,5.02,1,564,315,0,0,1237,383,35,23,427,3.11928242,Sunday,6,0,6.383333333,89.69555035,7.25,89.87603306,March,3
3/21/2016,2464,5424,4.03,10,1.047,193,7,2,8590,224,20,13,244,2.50412513,Monday,0,1,3.733333333,91.80327869,6.383333333,89.69555035,March,3
3/22/2016,3555,17913,13.41,15,593,382,22,55,2243,274,35,26,319,8.33258511,Tuesday,1,1,4.566666667,85.89341693,3.733333333,91.80327869,March,3
3/23/2016,3063,14324,10.89,14,669,222,10,59,1542,391,27,13,418,6.76673019,Wednesday,2,1,6.516666667,93.54066986,4.566666667,85.89341693,March,3
3/24/2016,2503,8049,6.03,8,1.09,123,3,24,8170,254,32,13,286,3.74686713,Thursday,3,1,4.233333333,88.81118881,6.516666667,93.54066986,March,3
3/25/2016,3052,11122,8.29,0,599,386,9,0,1646,204,10,5,214,5.15116559,Friday,4,1,3.4,95.3271028,4.233333333,88.81118881,March,3
3/26/2016,3021,957,7.11,1,879,395,0,0,1587,64,5,4,69,4.41794781,Saturday,5,0,1.066666667,92.75362319,3.4,95.3271028,March,3
3/27/2016,2223,4667,3.47,0,889,114,20,2,5880,457,54,35,512,2.15615737,Sunday,6,0,7.616666667,89.2578125,1.066666667,92.75362319,March,3
3/28/2016,179,0,0,0,1.44,0,0,0,0,0,0,0,0,0,Monday,0,1,0,0,7.616666667,89.2578125,March,3
3/29/2016,2648,9781,7.34,12,1.23,139,6,39,1009,0,0,0,0,4.56086314,Tuesday,1,1,0,0,0,0,March,3
3/30/2016,3768,21383,16.69,17,641,384,23,57,2417,321,40,21,361,10.37068199,Wednesday,2,1,5.35,88.91966759,0,0,March,3
3/31/2016,3512,20109,15.18,21,629,302,35,63,2107,319,25,15,344,9.43241178,Thursday,3,1,5.316666667,92.73255814,5.35,88.91966759,March,3
4/1/2016,2814,1113,8.61,8,900,162,3,54,1176,337,51,23,388,5.35000431,Friday,4,1,5.616666667,86.8556701,5.316666667,92.73255814,April,4
4/2/2016,2884,825,6.13,0,950,314,7,1,1335,78,6,3,85,3.80900423,Saturday,5,0,1.3,91.76470588,5.616666667,86.8556701,April,4
4/3/2016,2931,8682,6.45,0,669,355,0,0,1437,315,45,23,360,4.00784295,Sunday,6,0,5.25,87.5,1.3,91.76470588,April,4
4/4/2016,3314,17535,13.66,14,881,168,8,102,1731,184,29,16,214,8.48792786,Monday,0,1,3.066666667,85.98130841,5.25,87.5,April,4
4/5/2016,383,20154,15.05,3,445,471,28,45,258,425,25,8,450,9.35163355,Tuesday,1,1,7.083333333,94.44444444,3.066666667,85.98130841,April,4
4/6/2016,4112,23286,17.84,19,561,451,28,67,285,267,34,15,302,11.08525864,Wednesday,2,1,4.45,88.41059603,7.083333333,94.44444444,April,4
4/7/2016,3048,13004,9.87,14,856,214,3,58,1472,359,14,7,373,6.13293177,Thursday,3,1,5.983333333,96.24664879,4.45,88.41059603,April,4
4/8/2016,3241,13441,10.04,2,449,439,0,0,1874,379,46,24,425,6.23856484,Friday,4,1,6.316666667,89.17647059,5.983333333,96.24664879,April,4
4/9/2016,3038,10216,7.59,0,535,390,0,0,1607,507,18,10,525,4.71620589,Saturday,5,0,8.45,96.57142857,6.316666667,89.17647059,April,4
4/10/2016,2304,5634,4.19,0,921,92,41,4,6590,306,35,22,341,2.60354449,Sunday,6,0,5.1,89.73607038,8.45,96.57142857,April,4
4/11/2016,3419,17422,13.38,34,674,290,14,61,1928,407,50,26,457,8.31394398,Monday,0,1,6.783333333,89.05908096,5.1,89.73607038,April,4
4/12/2016,3179,14475,10.92,14,664,291,10,47,1696,354,37,21,391,6.78537132,Tuesday,1,1,5.9,90.5370844,6.783333333,89.05908096,April,4
4/13/2016,3427,17777,13.66,20,696,276,10,80,1967,365,65,31,430,8.48792786,Wednesday,2,1,6.083333333,84.88372093,5.9,90.5370844,April,4
4/14/2016,3479,19087,14.65,17,711,221,12,96,1954,278,26,18,304,9.10308515,Thursday,3,1,4.633333333,91.44736842,6.083333333,84.88372093,April,4
4/15/2016,3501,1629,12.2,12,467,427,25,11,2166,396,50,20,446,7.5807262,Friday,4,1,6.6,88.78923767,4.633333333,91.44736842,April,4
4/16/2016,3342,14252,10.64,6,675,323,60,18,1947,404,67,25,471,6.61138744,Saturday,5,0,6.733333333,85.77494692,6.6,88.78923767,April,4
4/17/2016,2769,8262,6.14,3,1.089,302,0,0,1266,0,0,0,0,3.81521794,Sunday,6,0,0,0,6.733333333,85.77494692,April,4
4/18/2016,3486,1945,15.06,18,860,190,6,98,1926,307,28,12,335,9.35784726,Monday,0,1,5.116666667,91.64179104,0,0,April,4
4/19/2016,3596,17232,13.61,17,1.002,262,4,88,2085,0,0,0,0,8.45685931,Tuesday,1,1,0,0,5.116666667,91.64179104,April,4
4/20/2016,3321,16946,12.93,25,762,238,5,67,1795,411,31,17,442,8.03432703,Wednesday,2,1,6.85,92.98642534,0,0,April,4
4/21/2016,3464,19183,14.67,24,723,218,7,97,1964,341,27,17,368,9.11551257,Thursday,3,1,5.683333333,92.66304348,6.85,92.98642534,April,4
4/22/2016,3328,12963,9.66,10,404,436,14,10,202,430,62,39,492,6.00244386,Friday,4,1,7.166666667,87.39837398,5.683333333,92.66304348,April,4
4/23/2016,2612,6456,4.8,6,782,305,0,0,1135,305,42,28,348,2.9825808,Saturday,5,0,5.083333333,87.64367816,7.166666667,87.39837398,April,4
4/24/2016,2863,10413,7.73,6,700,269,28,24,1411,375,56,31,431,4.80319783,Sunday,6,0,6.25,87.00696056,5.083333333,87.64367816,April,4
4/25/2016,3175,10499,7.8,0,661,430,9,4,1805,237,28,14,265,4.8466938,Monday,0,1,3.95,89.43396226,6.25,87.00696056,April,4
4/26/2016,3357,17226,12.97,19,751,185,16,95,1798,360,20,10,380,8.05918187,Tuesday,1,1,6,94.73684211,3.95,89.43396226,April,4
4/27/2016,3631,19784,15.51,25,694,151,26,128,207,361,49,27,410,9.63746421,Wednesday,2,1,6.016666667,88.04878049,6,94.73684211,April,4
4/28/2016,403,25571,19.3,15,606,293,42,129,2711,374,56,34,430,11.9924603,Thursday,3,1,6.233333333,86.97674419,6.016666667,88.04878049,April,4
4/29/2016,3442,17528,13.36,15,594,239,8,82,1931,348,20,9,368,8.30151656,Friday,4,1,5.8,94.56521739,6.233333333,86.97674419,April,4
4/30/2016,3061,9831,7.3,1,561,414,0,0,1651,454,48,27,502,4.5360083,Saturday,5,0,7.566666667,90.43824701,5.8,94.56521739,April,4
5/1/2016,3331,14262,10.6,5,666,361,21,41,1937,347,41,20,388,6.5865326,Sunday,6,0,5.783333333,89.43298969,7.566666667,90.43824701,May,5
5/2/2016,2989,13236,9.98,12,770,234,8,38,1477,314,34,23,348,6.20128258,Monday,0,1,5.233333333,90.22988506,5.783333333,89.43298969,May,5
5/3/2016,3796,18588,14.13,16,599,275,49,79,236,377,33,18,410,8.77997223,Tuesday,1,1,6.283333333,91.95121951,5.233333333,90.22988506,May,5
5/4/2016,3525,16382,12.39,16,684,333,10,55,2075,406,21,8,427,7.69878669,Wednesday,2,1,6.766666667,95.08196721,6.283333333,91.95121951,May,5
5/5/2016,3649,21913,16.4,19,701,287,29,90,2249,280,35,15,315,10.1904844,Thursday,3,1,4.666666667,88.88888889,6.766666667,95.08196721,May,5
5/6/2016,3539,19023,14.79,15,575,298,8,85,2112,370,42,22,412,9.19007709,Friday,4,1,6.166666667,89.80582524,4.666666667,88.88888889,May,5
5/7/2016,304,9526,7.08,2,564,370,13,10,1604,502,57,31,563,4.39930668,Saturday,5,0,8.366666667,89.1651865,6.166666667,89.80582524,May,5
